format,date,opponent,venue,result,nepal_runs,nepal_wickets_lost,opponent_runs,opponent_wickets_lost
T20I,"March 16, 2014",Hong Kong,Zahur Ahmed Chowdhury Stadium,Won,149.0,8.0,69,10
T20I,"March 18, 2014",Bangladesh,Zahur Ahmed Chowdhury Stadium,Lost,126.0,5.0,132,2
T20I,"November 24, 2014",Hong Kong,P Sara Oval,Lost,72.0,10.0,73,8
T20I,"July 01, 2015",Netherlands,VRA Ground,Lost,69.0,10.0,172,4
T20I,"July 02, 2015",Netherlands,Hazelaarweg,Lost,131.0,9.0,149,6
T20I,"July 13, 2015",Ireland,"Civil Service Cricket Club, Stormont",Lost,53.0,10.0,54,2
T20I,"July 15, 2015",Hong Kong,"Civil Service Cricket Club, Stormont",Lost,109.0,10.0,110,5
T20I,"July 17, 2015",Papua New Guinea,"The Village, Malahide",Lost,93.0,10.0,99,2
T20I,"July 29, 2018",Netherlands,Lord's,No Result,,,174,4
T20I,"January 31, 2019",United Arab Emirates,ICC Academy,Lost,132.0,7.0,153,6
T20I,"February 01, 2019",United Arab Emirates,ICC Academy,Won,111.0,6.0,107,10
T20I,"February 03, 2019",United Arab Emirates,ICC Academy,Won,104.0,8.0,90,8
T20I,"July 13, 2019",Malaysia,Kinrara Academy Oval,Won,129.0,3.0,128,9
T20I,"July 14, 2019",Malaysia,Kinrara Academy Oval,Won,173.0,6.0,167,7
T20I,"July 23, 2019",Qatar,Indian Association Ground,Lost,122.0,10.0,124,6
T20I,"July 24, 2019",Malaysia,Indian Association Ground,Won,86.0,3.0,83,7
T20I,"July 27, 2019",Kuwait,Indian Association Ground,Won,143.0,3.0,141,9
T20I,"July 28, 2019",Singapore,Indian Association Ground,Lost,109.0,10.0,191,6
T20I,"September 27, 2019",Zimbabwe,Indian Association Ground,Lost,132.0,6.0,133,5
T20I,"September 28, 2019",Singapore,Indian Association Ground,Won,154.0,1.0,151,3
T20I,"October 01, 2019",Zimbabwe,Indian Association Ground,Lost,120.0,9.0,160,6
T20I,"October 06, 2019",Hong Kong,Al Amerat Cricket Ground Oman Cricket (Ministry Turf 1),Won,126.0,6.0,125,6
T20I,"October 07, 2019",Netherlands,Al Amerat Cricket Ground Oman Cricket (Ministry Turf 1),Won,134.0,6.0,133,10
T20I,"October 09, 2019",Ireland,Al Amerat Cricket Ground Oman Cricket (Ministry Turf 1),Lost,132.0,10.0,145,8
T20I,"October 10, 2019",Oman,Al Amerat Cricket Ground Oman Cricket (Ministry Turf 1),Lost,64.0,10.0,65,4
T20I,"December 05, 2019",Bhutan,Tribhuvan University International Cricket Ground,Won,236.0,3.0,95,6
T20I,"December 06, 2019",Maldives,Tribhuvan University International Cricket Ground,Won,163.0,7.0,79,6
T20I,"December 09, 2019",Maldives,Tribhuvan University International Cricket Ground,Won,98.0,5.0,94,9
T20I,"March 01, 2020",Hong Kong,Terdthai Cricket Ground,Lost,111.0,10.0,154,6
T20I,"March 04, 2020",Thailand,Terdthai Cricket Ground,Won,72.0,1.0,66,10
T20I,"April 17, 2021",Netherlands,"Tribhuvan University International Cricket Ground, Kirtipur",Won,141.0,1.0,136,4
T20I,"April 19, 2021",Malaysia,"Tribhuvan University International Cricket Ground, Kirtipur",Won,113.0,1.0,109,10
T20I,"April 20, 2021",Netherlands,"Tribhuvan University International Cricket Ground, Kirtipur",Lost,206.0,6.0,209,7
T20I,"April 22, 2021",Malaysia,"Tribhuvan University International Cricket Ground, Kirtipur",Won,217.0,7.0,148,10
T20I,"April 24, 2021",Netherlands,"Tribhuvan University International Cricket Ground, Kirtipur",Won,238.0,3.0,96,10
T20I,"February 11, 2022",Oman,Al Amerat Cricket Ground Oman Cricket (Ministry Turf 1),Won,137.0,4.0,135,6
T20I,"February 12, 2022",United Arab Emirates,Al Amerat Cricket Ground Oman Cricket (Ministry Turf 1),Lost,167.0,5.0,192,3
T20I,"February 14, 2022",Ireland,Al Amerat Cricket Ground Oman Cricket (Ministry Turf 1),Lost,111.0,9.0,127,10
T20I,"February 18, 2022",Oman,Al Amerat Cricket Ground Oman Cricket (Ministry Turf 1),Won,117.0,8.0,78,10
T20I,"February 19, 2022",Philippines,Al Amerat Cricket Ground Oman Cricket (Ministry Turf 2),Won,218.0,3.0,82,8
T20I,"February 21, 2022",Canada,Al Amerat Cricket Ground Oman Cricket (Ministry Turf 1),Won,81.0,2.0,80,10
T20I,"February 22, 2022",United Arab Emirates,Al Amerat Cricket Ground Oman Cricket (Ministry Turf 1),Lost,107.0,10.0,175,7
T20I,"February 24, 2022",Oman,Al Amerat Cricket Ground Oman Cricket (Ministry Turf 2),Won,90.0,1.0,87,9
T20I,"March 28, 2022",Papua New Guinea,"Tribhuvan University International Cricket Ground, Kirtipur",Won,183.0,9.0,168,10
T20I,"March 30, 2022",Malaysia,"Tribhuvan University International Cricket Ground, Kirtipur",Won,117.0,4.0,114,8
T20I,"March 31, 2022",Papua New Guinea,"Tribhuvan University International Cricket Ground, Kirtipur",Won,203.0,7.0,166,10
T20I,"April 02, 2022",Malaysia,"Tribhuvan University International Cricket Ground, Kirtipur",Won,223.0,5.0,138,10
T20I,"April 04, 2022",Papua New Guinea,"Tribhuvan University International Cricket Ground, Kirtipur",Won,168.0,6.0,118,10
T20I,"August 25, 2022",Kenya,"Gymkhana Club Ground, Nairobi",Won,133.0,5.0,130,8
T20I,"August 28, 2022",Kenya,"Gymkhana Club Ground, Nairobi",Won,160.0,6.0,156,2
T20I,"August 29, 2022",Kenya,"Gymkhana Club Ground, Nairobi",Lost,94.0,9.0,101,10
T20I,"August 30, 2022",Kenya,"Gymkhana Club Ground, Nairobi",Won,175.0,7.0,144,7
T20I,"September 27, 2023",Mongolia,Zhejiang University of Technology Cricket Field,Won,314.0,3.0,41,10
T20I,"October 03, 2023",India,Zhejiang University of Technology Cricket Field,Lost,179.0,9.0,202,4
T20I,"October 18, 2023",United Arab Emirates,Mulpani Cricket Ground,Won,144.0,3.0,140,7
T20I,"October 19, 2023",Hong Kong,Mulpani Cricket Ground,Won,99.0,4.0,94,10
T20I,"October 21, 2023",Hong Kong,Mulpani Cricket Ground,Won,213.0,6.0,134,8
T20I,"October 23, 2023",United Arab Emirates,Mulpani Cricket Ground,Won,165.0,5.0,164,7
T20I,"October 27, 2023",United Arab Emirates,"Tribhuvan University International Cricket Ground, Kirtipur",Lost,162.0,8.0,167,6
T20I,"October 30, 2023",Singapore,"Tribhuvan University International Cricket Ground, Kirtipur",Won,147.0,2.0,145,9
T20I,"October 31, 2023",Malaysia,"Tribhuvan University International Cricket Ground, Kirtipur",Won,166.0,4.0,165,9
T20I,"November 02, 2023",Oman,"Tribhuvan University International Cricket Ground, Kirtipur",Lost,140.0,10.0,145,9
T20I,"November 03, 2023",United Arab Emirates,Mulpani Cricket Ground,Won,135.0,2.0,134,9
T20I,"November 05, 2023",Oman,"Tribhuvan University International Cricket Ground, Kirtipur",Tied,10.0,1.0,21,0
T20I,"February 27, 2024",Namibia,"Tribhuvan University International Cricket Ground, Kirtipur",Lost,186.0,10.0,206,4
T20I,"February 28, 2024",Netherlands,"Tribhuvan University International Cricket Ground, Kirtipur",Lost,182.0,8.0,184,4
T20I,"March 01, 2024",Namibia,"Tribhuvan University International Cricket Ground, Kirtipur",Won,180.0,8.0,177,7
T20I,"March 02, 2024",Netherlands,"Tribhuvan University International Cricket Ground, Kirtipur",Won,121.0,4.0,120,10
T20I,"March 05, 2024",Netherlands,"Tribhuvan University International Cricket Ground, Kirtipur",Lost,184.0,8.0,189,6
T20I,"March 09, 2024",Hong Kong,"Mission Road Ground, Mong Kok, Hong Kong",Lost,139.0,10.0,212,6
T20I,"March 10, 2024",Hong Kong,"Mission Road Ground, Mong Kok, Hong Kong",No Result,,,65,2
T20I,"March 12, 2024",Papua New Guinea,"Mission Road Ground, Mong Kok, Hong Kong",Won,198.0,6.0,113,10
T20I,"March 13, 2024",Papua New Guinea,"Mission Road Ground, Mong Kok, Hong Kong",Lost,85.0,10.0,171,8
T20I,"April 12, 2024",Malaysia,Al Amerat Cricket Ground Oman Cricket (Ministry Turf 1),Won,144.0,5.0,143,3
T20I,"April 13, 2024",Qatar,Al Amerat Cricket Ground Oman Cricket (Ministry Turf 1),Won,210.0,7.0,178,9
T20I,"April 15, 2024",Hong Kong,Al Amerat Cricket Ground Oman Cricket (Ministry Turf 1),Won,117.0,2.0,114,10
T20I,"April 17, 2024",Saudi Arabia,Al Amerat Cricket Ground Oman Cricket (Ministry Turf 2),Won,75.0,4.0,73,7
T20I,"April 19, 2024",United Arab Emirates,Al Amerat Cricket Ground Oman Cricket (Ministry Turf 1),Lost,119.0,9.0,123,4
T20I,"April 20, 2024",Hong Kong,Al Amerat Cricket Ground Oman Cricket (Ministry Turf 1),Lost,139.0,8.0,140,6
T20I,"June 04, 2024",Netherlands,"Grand Prairie Stadium, Dallas",Lost,106.0,10.0,109,4
T20I,"June 14, 2024",South Africa,"Arnos Vale Ground, Kingstown, St Vincent",Lost,114.0,7.0,115,7
T20I,"June 16, 2024",Bangladesh,"Arnos Vale Ground, Kingstown, St Vincent",Lost,85.0,10.0,106,10
T20I,"September 28, 2024",Canada,"Maple Leaf North-West Ground, King City",Lost,109.0,10.0,123,8
T20I,"September 29, 2024",Oman,"Maple Leaf North-West Ground, King City",Won,176.0,6.0,139,10
T20I,"October 01, 2024",Canada,"Maple Leaf North-West Ground, King City",Lost,139.0,6.0,140,6
T20I,"October 02, 2024",Oman,"Maple Leaf North-West Ground, King City",Won,157.0,7.0,101,10
T20I,"October 17, 2024",United States of America,"Grand Prairie Stadium, Dallas",Won,164.0,9.0,147,7
T20I,"October 19, 2024",United States of America,"Grand Prairie Stadium, Dallas",Tied,3.0,0.0,2,2
T20I,"October 20, 2024",United States of America,"Grand Prairie Stadium, Dallas",Won,157.0,2.0,156,5
T20I,"April 09, 2025",Qatar,"Mission Road Ground, Mong Kok, Hong Kong",Won,154.0,2.0,151,5
T20I,"April 10, 2025",Kuwait,"Mission Road Ground, Mong Kok, Hong Kong",Won,186.0,4.0,185,8
T20I,"April 12, 2025",Hong Kong,"Mission Road Ground, Mong Kok, Hong Kong",No Result,,,68,3
T20I,"April 13, 2025",Kuwait,"Mission Road Ground, Mong Kok, Hong Kong",Lost,171.0,10.0,174,7
T20I,"June 16, 2025",Netherlands,"Titwood, Glasgow",Tied,0.0,2.0,6,0
T20I,"June 17, 2025",Scotland,"Titwood, Glasgow",Won,98.0,8.0,97,10
T20I,"June 19, 2025",Netherlands,"Titwood, Glasgow",Won,180.0,5.0,174,7
T20I,"June 20, 2025",Scotland,"Titwood, Glasgow",Lost,159.0,10.0,193,5
T20I,"September 27, 2025",West Indies,Sharjah Cricket Stadium,Won,148.0,8.0,129,9
T20I,"September 29, 2025",West Indies,Sharjah Cricket Stadium,Won,173.0,6.0,83,10
T20I,"September 30, 2025",West Indies,Sharjah Cricket Stadium,Lost,122.0,10.0,123,0
T20I,"October 08, 2025",Kuwait,Al Amerat Cricket Ground Oman Cricket (Ministry Turf 1),Won,141.0,7.0,83,10
T20I,"October 10, 2025",Japan,Al Amerat Cricket Ground Oman Cricket (Ministry Turf 1),Won,132.0,5.0,131,8
T20I,"October 12, 2025",United Arab Emirates,Al Amerat Cricket Ground Oman Cricket (Ministry Turf 1),Won,140.0,6.0,139,9
T20I,"October 13, 2025",Qatar,Al Amerat Cricket Ground Oman Cricket (Ministry Turf 1),Won,147.0,9.0,142,10
T20I,"October 15, 2025",Oman,Al Amerat Cricket Ground Oman Cricket (Ministry Turf 1),Won,151.0,9.0,113,9
T20I,"October 17, 2025",Samoa,Al Amerat Cricket Ground Oman Cricket (Ministry Turf 1),Won,211.0,4.0,87,7
